{
    "loss": 1.5698962211608887,
    "accuracy": 0.7534722089767456
}